variant,run_id,run_number,mIoU,Accuracy,Dice,#Param,#Seconds,#Epochs,FLOPs,memory_usage,GPU
2xinitial_filters,02uxpcam,0,0.4921835660934448,0.7668517827987671,0.7296879887580872,30131976,575,86,16019913550302400,114.94 MB,NVIDIA H100 80GB HBM3
2xinitial_filters,9iosb9kr,1,0.46920710802078247,0.7464286684989929,0.6867284774780273,30131976,586,83,15461079356687200,114.94 MB,NVIDIA H100 80GB HBM3
2xinitial_filters,va1lr9co,2,0.45746931433677673,0.7439926266670227,0.6773968935012817,30131976,636,90,16765025808456000,114.94 MB,NVIDIA H100 80GB HBM3
2xinitial_filters,t34yu6p1,3,0.4921398162841797,0.7647560238838196,0.7285935282707214,30131976,682,102,19000362582916800,114.94 MB,NVIDIA H100 80GB HBM3
2xinitial_filters,vo7oxl59,4,0.4921379983425141,0.7668098211288452,0.7135807871818542,30131976,606,85,15833635485764000,114.94 MB,NVIDIA H100 80GB HBM3
4xinitial_filters,i7rcoafu,0,0.4735852777957916,0.7542030215263367,0.6890295147895813,120425992,2364,100,74364067430480000,459.39 MB,NVIDIA H100 80GB HBM3
4xinitial_filters,2yqxsulj,1,0.4900032877922058,0.7629440426826477,0.7026036977767944,120425992,2086,80,59491253944384000,459.39 MB,NVIDIA H100 80GB HBM3
4xinitial_filters,9p5js08t,2,0.4789179563522339,0.7571449279785156,0.7024419903755188,120425992,2185,93,69158582710346400,459.39 MB,NVIDIA H100 80GB HBM3
4xinitial_filters,4l0hvi8d,3,0.4888855516910553,0.7620887756347656,0.7158464789390564,120425992,2484,110,81800474173528000,459.39 MB,NVIDIA H100 80GB HBM3
4xinitial_filters,7a1w0ihk,4,0.4590218663215637,0.7439346313476562,0.6740673780441284,120425992,2527,112,83287755522137600,459.39 MB,NVIDIA H100 80GB HBM3
0_5xinitial_filters,s3975zjy,0,0.4437474310398102,0.7301391363143921,0.6706283092498779,1892808,113,69,812871949879200,7.22 MB,NVIDIA H100 80GB HBM3
0_5xinitial_filters,kknvp9wm,1,0.4477056562900543,0.7323623895645142,0.679189145565033,1892808,117,74,871775714363200,7.22 MB,NVIDIA H100 80GB HBM3
0_5xinitial_filters,rav9rgv3,2,0.44120144844055176,0.729967474937439,0.6730083227157593,1892808,126,87,1024925502021600,7.22 MB,NVIDIA H100 80GB HBM3
0_5xinitial_filters,3g1kur7x,3,0.4465059638023377,0.7297927737236023,0.6664777994155884,1892808,110,66,777529691188800,7.22 MB,NVIDIA H100 80GB HBM3
0_5xinitial_filters,46bdhptj,4,0.4259497225284576,0.7184845209121704,0.658451497554779,1892808,121,80,942460231744000,7.22 MB,NVIDIA H100 80GB HBM3
0_25xinitial_filters,abpsi31i,0,0.44035688042640686,0.7287963628768921,0.6658222675323486,476392,89,83,248301812034400,1.82 MB,NVIDIA H100 80GB HBM3
0_25xinitial_filters,k1m6uxmh,1,0.4251023530960083,0.7156974673271179,0.6536825895309448,476392,96,94,281209281099200,1.82 MB,NVIDIA H100 80GB HBM3
0_25xinitial_filters,mcb17mnz,2,0.4319579601287842,0.7285248041152954,0.6644923686981201,476392,97,97,290184045389600,1.82 MB,NVIDIA H100 80GB HBM3
0_25xinitial_filters,stkvq97x,3,0.4309503436088562,0.7217338681221008,0.6513410210609436,476392,85,80,239327047744000,1.82 MB,NVIDIA H100 80GB HBM3
0_25xinitial_filters,nw9hkg23,4,0.4317200481891632,0.7194511294364929,0.6468433737754822,476392,88,82,245310223937600,1.82 MB,NVIDIA H100 80GB HBM3
plus2conv_per_block,3h8y17a3,0,0.45477160811424255,0.7419166564941406,0.6656059622764587,15226248,416,103,8800435808338400,58.08 MB,NVIDIA H100 80GB HBM3
plus2conv_per_block,vj46q2ci,1,0.4650722146034241,0.7521209716796875,0.6986922025680542,15226248,349,88,7518818943046400,58.08 MB,NVIDIA H100 80GB HBM3
plus2conv_per_block,h80kvbwg,2,0.4321237802505493,0.7262641787528992,0.6534180045127869,15226248,323,80,6835289948224000,58.08 MB,NVIDIA H100 80GB HBM3
plus2conv_per_block,zfstxay6,3,0.4673199951648712,0.7529007196426392,0.6892752051353455,15226248,425,109,9313082554455200,58.08 MB,NVIDIA H100 80GB HBM3
plus2conv_per_block,9s2t7507,4,0.4472442865371704,0.7411453127861023,0.6703557968139648,15226248,407,102,8714994683985600,58.08 MB,NVIDIA H100 80GB HBM3
plus1conv_per_block,rq0vj8ee,0,0.4643678367137909,0.7436721920967102,0.6976519227027893,11385992,285,85,5618280036932000,43.43 MB,NVIDIA H100 80GB HBM3
plus1conv_per_block,v88p5icr,1,0.4645373225212097,0.7468093633651733,0.6935686469078064,11385992,351,107,7072423105314400,43.43 MB,NVIDIA H100 80GB HBM3
plus1conv_per_block,k8gpsemq,2,0.4538274705410004,0.7395919561386108,0.6653603315353394,11385992,305,90,5948767097928000,43.43 MB,NVIDIA H100 80GB HBM3
plus1conv_per_block,03a1zpqn,3,0.47417593002319336,0.7514457702636719,0.7105382680892944,11385992,275,84,5552182624732800,43.43 MB,NVIDIA H100 80GB HBM3
plus1conv_per_block,jpk2ltja,4,0.2640995681285858,0.5773605108261108,0.5016711354255676,11385992,127,19,1255850831784800,43.43 MB,NVIDIA H100 80GB HBM3
minus1conv_per_block,wycbtse5,0,0.4216404557228088,0.709381103515625,0.6274138689041138,3705480,160,86,2357258958712000,14.14 MB,NVIDIA H100 80GB HBM3
minus1conv_per_block,1kkku4dn,1,0.4225710928440094,0.7148101925849915,0.6420009136199951,3705480,175,101,2768408777092000,14.14 MB,NVIDIA H100 80GB HBM3
minus1conv_per_block,i6xpmmp4,2,0.4061432480812073,0.7024238705635071,0.6197032928466797,3705480,194,116,3179558595472000,14.14 MB,NVIDIA H100 80GB HBM3
minus1conv_per_block,buy7t31a,3,0.4196286201477051,0.7124717831611633,0.631080687046051,3705480,153,76,2083159079792000,14.14 MB,NVIDIA H100 80GB HBM3
minus1conv_per_block,m5p4v3xl,4,0.4209389090538025,0.7089797854423523,0.6277066469192505,3705480,157,82,2247619007144000,14.14 MB,NVIDIA H100 80GB HBM3
minus1max_depth,3qv1iyup,0,0.4304517805576325,0.726104736328125,0.6414474844932556,1639816,150,86,2191729047176800,6.26 MB,NVIDIA H100 80GB HBM3
minus1max_depth,67gesrih,1,0.43467283248901367,0.729382336139679,0.6445481181144714,1639816,143,80,2038817718304000,6.26 MB,NVIDIA H100 80GB HBM3
minus1max_depth,z30ht5v1,2,0.41763004660606384,0.7128967046737671,0.6196295619010925,1639816,154,86,2191729047176800,6.26 MB,NVIDIA H100 80GB HBM3
minus1max_depth,bv5pvzus,3,0.43128836154937744,0.7276893854141235,0.64371258020401,1639816,155,91,2319155154570800,6.26 MB,NVIDIA H100 80GB HBM3
minus1max_depth,l1wg1yik,4,0.42518189549446106,0.7207374572753906,0.6361567378044128,1639816,155,90,2293669933092000,6.26 MB,NVIDIA H100 80GB HBM3
minus2max_depth,rjrin75i,0,0.2631088197231293,0.5745307803153992,0.4705028831958771,161416,107,155,652295059968000,630.53 KB,NVIDIA H100 80GB HBM3
minus2max_depth,87bhmaqk,1,0.2500953674316406,0.5603981018066406,0.4616140127182007,161416,85,111,467127430041600,630.53 KB,NVIDIA H100 80GB HBM3
minus2max_depth,rtjq1y2i,2,0.268718421459198,0.5797942876815796,0.47243452072143555,161416,77,95,399793746432000,630.53 KB,NVIDIA H100 80GB HBM3
minus2max_depth,airn7n9w,3,0.24294431507587433,0.554731011390686,0.4568476378917694,161416,76,92,387168680755200,630.53 KB,NVIDIA H100 80GB HBM3
minus2max_depth,djf3yhwo,4,0.2381919026374817,0.548229992389679,0.4489884376525879,161416,78,97,408210456883200,630.53 KB,NVIDIA H100 80GB HBM3
plus2max_depth,tekuxw3i,0,0.45666444301605225,0.7304404973983765,0.6794965863227844,125556616,826,84,7499535018528000,478.96 MB,NVIDIA H100 80GB HBM3
plus2max_depth,5twa9xa5,1,0.46784693002700806,0.7292030453681946,0.6913749575614929,125556616,896,98,8749457521616000,478.96 MB,NVIDIA H100 80GB HBM3
plus2max_depth,bk7prm4k,2,0.4553328156471253,0.7257606387138367,0.6814572811126709,125556616,1069,107,9552979130744000,478.96 MB,NVIDIA H100 80GB HBM3
plus2max_depth,zr0j028t,3,0.46264663338661194,0.7275139093399048,0.6787661910057068,125556616,880,89,7945935912488000,478.96 MB,NVIDIA H100 80GB HBM3
plus2max_depth,y74up8hx,4,0.4653875231742859,0.7305992245674133,0.6847372651100159,125556616,972,104,9285138594368000,478.96 MB,NVIDIA H100 80GB HBM3
basis,r6peq6uk,0,0.462606817483902,0.7414360046386719,0.6975236535072327,7545736,216,79,3693542303602400,28.78 MB,NVIDIA H100 80GB HBM3
basis,4a0o1fbf,1,0.4461042881011963,0.7353774905204773,0.6822363138198853,7545736,214,80,3740296003648000,28.78 MB,NVIDIA H100 80GB HBM3
basis,sydwo783,2,0.46999990940093994,0.7491844296455383,0.7136620283126831,7545736,225,83,3880557103784800,28.78 MB,NVIDIA H100 80GB HBM3
basis,hxs0tkv2,3,0.4591057598590851,0.7405647039413452,0.6917005777359009,7545736,223,80,3740296003648000,28.78 MB,NVIDIA H100 80GB HBM3
basis,40wfn2ie,4,0.4667445123195648,0.7479560971260071,0.7140962481498718,7545736,231,91,4254586704149600,28.78 MB,NVIDIA H100 80GB HBM3
1x1kernel,dpmt4e3q,0,0.293465793132782,0.6239730715751648,0.5243186354637146,849800,122,95,496539825228000,3.24 MB,NVIDIA H100 80GB HBM3
1x1kernel,6m05h9am,1,0.28983384370803833,0.6218528747558594,0.5209069848060608,849800,112,80,418138800192000,3.24 MB,NVIDIA H100 80GB HBM3
1x1kernel,aeq4vm6s,2,0.28920695185661316,0.6230003237724304,0.5192220211029053,849800,161,141,736969635338400,3.24 MB,NVIDIA H100 80GB HBM3
1x1kernel,b66dnqkx,3,0.2875767648220062,0.6199287176132202,0.5186569690704346,849800,132,106,554033910254400,3.24 MB,NVIDIA H100 80GB HBM3
1x1kernel,107gr8su,4,0.2926100790500641,0.6250839233398438,0.5239457488059998,849800,146,121,632434935290400,3.24 MB,NVIDIA H100 80GB HBM3
2x2kernel,8tkxzn9p,0,0.3706836998462677,0.6709998846054077,0.6143509149551392,3360776,183,93,1934339261104800,12.82 MB,NVIDIA H100 80GB HBM3
2x2kernel,m7vv033x,1,0.35143932700157166,0.6578124761581421,0.5864269137382507,3360776,183,92,1913539914211200,12.82 MB,NVIDIA H100 80GB HBM3
2x2kernel,sfgi8347,2,0.3630704879760742,0.660753607749939,0.5996858477592468,3360776,190,99,2059135342466400,12.82 MB,NVIDIA H100 80GB HBM3
2x2kernel,hf34pvim,3,0.370750367641449,0.6675346493721008,0.6112238168716431,3360776,171,83,1726345792168800,12.82 MB,NVIDIA H100 80GB HBM3
2x2kernel,kigqjbw2,4,0.3709324598312378,0.6664817929267883,0.6055233478546143,3360776,170,78,1622349057700800,12.82 MB,NVIDIA H100 80GB HBM3
5x5kernel,cumzj7lo,0,0.4317549467086792,0.7187789678573608,0.6736879944801331,20937608,349,61,7918265438052000,79.87 MB,NVIDIA H100 80GB HBM3
5x5kernel,vmtkmsnf,1,0.42856907844543457,0.7183555364608765,0.6810725927352905,20937608,396,73,9475956999636000,79.87 MB,NVIDIA H100 80GB HBM3
5x5kernel,owxsfdfn,2,0.427363634109497,0.7145408391952515,0.6828756332397461,20937608,419,82,10644225670824000,79.87 MB,NVIDIA H100 80GB HBM3
5x5kernel,5jgcz4m0,3,0.4259658455848694,0.713671863079071,0.6760097146034241,20937608,363,62,8048073068184000,79.87 MB,NVIDIA H100 80GB HBM3
5x5kernel,0d8ozosm,4,0.41989344358444214,0.7050895690917969,0.6620155572891235,20937608,363,62,8048073068184000,79.87 MB,NVIDIA H100 80GB HBM3
7x7kernel,gsmhjcbr,0,0.4250208139419556,0.7057777643203735,0.664546012878418,41025416,838,81,20605470546189600,156.50 MB,NVIDIA H100 80GB HBM3
7x7kernel,j53cbzr4,1,0.4103161692619324,0.704602837562561,0.6610106229782104,41025416,973,94,23912521374590400,156.50 MB,NVIDIA H100 80GB HBM3
7x7kernel,i61ooupt,2,0.3909495770931244,0.6867386102676392,0.6138259768486023,41025416,868,80,20351082020928000,156.50 MB,NVIDIA H100 80GB HBM3
7x7kernel,wf621krl,3,0.4203057289123535,0.714769721031189,0.6608558297157288,41025416,772,73,18570362344096800,156.50 MB,NVIDIA H100 80GB HBM3
7x7kernel,r4ml6syg,4,0.4150102138519287,0.712110161781311,0.6650007963180542,41025416,805,77,19587916445143200,156.50 MB,NVIDIA H100 80GB HBM3
9x9kernel,zvbbyn7x,0,0.3903264999389648,0.6825370788574219,0.6447489857673645,67809160,1311,80,33639710834752000,258.67 MB,NVIDIA H100 80GB HBM3
9x9kernel,8l4h6ji9,1,0.3843260407447815,0.6748886108398438,0.6323474049568176,67809160,1244,75,31537228907580000,258.67 MB,NVIDIA H100 80GB HBM3
9x9kernel,h5n81l7t,2,0.3766375780105591,0.6681831479072571,0.617987334728241,67809160,1042,59,24809286740629600,258.67 MB,NVIDIA H100 80GB HBM3
9x9kernel,92n5tz9u,3,0.3909895122051239,0.6795265078544617,0.6479528546333313,67809160,1271,78,32798718063883200,258.67 MB,NVIDIA H100 80GB HBM3
9x9kernel,ynduw48w,4,0.3887501657009125,0.6746971011161804,0.63921058177948,67809160,1362,80,33639710834752000,258.67 MB,NVIDIA H100 80GB HBM3
11x11kernel,s2bp5kwp,0,0.35895854234695435,0.6501274108886719,0.6134352087974548,101288840,2007,88,55275546537235200,386.39 MB,NVIDIA H100 80GB HBM3
11x11kernel,afiiaw4l,1,0.3621817231178284,0.650102972984314,0.6174627542495728,101288840,1563,65,40828528692276000,386.39 MB,NVIDIA H100 80GB HBM3
11x11kernel,x58p47wf,2,0.35917723178863525,0.6448920965194702,0.6096269488334656,101288840,2380,109,68466301960893600,386.39 MB,NVIDIA H100 80GB HBM3
11x11kernel,jfl85fcr,3,0.3645619750022888,0.6571670770645142,0.6191480159759521,101288840,2214,96,60300596222438400,386.39 MB,NVIDIA H100 80GB HBM3
11x11kernel,j8p70coo,4,0.352754682302475,0.6448577642440796,0.6065895557403564,101288840,1949,86,54019284115934400,386.39 MB,NVIDIA H100 80GB HBM3
plus1max_depth,by51ltud,0,0.4843142330646515,0.7528648376464844,0.7094697952270508,31154056,409,104,7073870559766400,118.84 MB,NVIDIA H100 80GB HBM3
plus1max_depth,wz8a53n5,1,0.4580875337123871,0.7429283261299133,0.6804385185241699,31154056,420,92,6257654725947200,118.84 MB,NVIDIA H100 80GB HBM3
plus1max_depth,jdei7vd9,2,0.4725821018218994,0.7509444952011108,0.6988247036933899,31154056,420,103,7005852573614800,118.84 MB,NVIDIA H100 80GB HBM3
plus1max_depth,f02jie2g,3,0.4775244295597077,0.7500778436660767,0.7027066946029663,31154056,529,131,8910356185859600,118.84 MB,NVIDIA H100 80GB HBM3
plus1max_depth,wmr7wt6z,4,0.4730933904647827,0.7520896792411804,0.7006202340126038,31154056,467,110,7481978476676000,118.84 MB,NVIDIA H100 80GB HBM3
plus3max_depth,er1h1nqc,0,0.4635774493217468,0.7400223016738892,0.7027177214622498,503105416,2792,95,10501426371774000,1.87 GB,NVIDIA H100 80GB HBM3
plus3max_depth,vfel74oo,1,0.47562992572784424,0.7473304867744446,0.712956428527832,503105416,2255,96,10611967702003200,1.87 GB,NVIDIA H100 80GB HBM3
plus3max_depth,exo9ptdi,2,0.46337777376174927,0.7430030703544617,0.704272449016571,503105416,2650,82,9064389078794400,1.87 GB,NVIDIA H100 80GB HBM3
plus3max_depth,5c7hl239,3,0.4733726382255554,0.7441657781600952,0.7086786031723022,503105416,2698,102,11275215683378400,1.87 GB,NVIDIA H100 80GB HBM3
plus3max_depth,x4yi65ux,4,0.4766387641429901,0.7469184994697571,0.7024670839309692,503105416,2446,78,8622223757877600,1.87 GB,NVIDIA H100 80GB HBM3
